<annotation>
	<folder>Crater</folder>
	<filename>hs-45-45_lola20sp_cut7480.tif</filename>
	<path>C:/Users/Gabe/Downloads/6000-8999/Crater/hs-45-45_lola20sp_cut7480.tif</path>
	<source>
		<database>Unknown</database>
	</source>
	<size>
		<width>32</width>
		<height>32</height>
		<depth>1</depth>
	</size>
	<segmented>0</segmented>
	<object>
		<name>crater</name>
		<pose>Unspecified</pose>
		<truncated>0</truncated>
		<difficult>0</difficult>
		<bndbox>
			<xmin>13</xmin>
			<ymin>14</ymin>
			<xmax>26</xmax>
			<ymax>26</ymax>
		</bndbox>
	</object>
	<object>
		<name>crater</name>
		<pose>Unspecified</pose>
		<truncated>1</truncated>
		<difficult>0</difficult>
		<bndbox>
			<xmin>4</xmin>
			<ymin>1</ymin>
			<xmax>14</xmax>
			<ymax>9</ymax>
		</bndbox>
	</object>
</annotation>
