<annotation>
	<folder>Crater</folder>
	<filename>hs-45-45_lola20sp_cut7204.tif</filename>
	<path>C:/Users/Gabe/Downloads/6000-8999/Crater/hs-45-45_lola20sp_cut7204.tif</path>
	<source>
		<database>Unknown</database>
	</source>
	<size>
		<width>32</width>
		<height>32</height>
		<depth>1</depth>
	</size>
	<segmented>0</segmented>
	<object>
		<name>crater</name>
		<pose>Unspecified</pose>
		<truncated>0</truncated>
		<difficult>0</difficult>
		<bndbox>
			<xmin>12</xmin>
			<ymin>5</ymin>
			<xmax>27</xmax>
			<ymax>19</ymax>
		</bndbox>
	</object>
	<object>
		<name>crater</name>
		<pose>Unspecified</pose>
		<truncated>0</truncated>
		<difficult>0</difficult>
		<bndbox>
			<xmin>19</xmin>
			<ymin>18</ymin>
			<xmax>28</xmax>
			<ymax>24</ymax>
		</bndbox>
	</object>
	<object>
		<name>crater</name>
		<pose>Unspecified</pose>
		<truncated>1</truncated>
		<difficult>0</difficult>
		<bndbox>
			<xmin>28</xmin>
			<ymin>18</ymin>
			<xmax>32</xmax>
			<ymax>25</ymax>
		</bndbox>
	</object>
	<object>
		<name>crater</name>
		<pose>Unspecified</pose>
		<truncated>1</truncated>
		<difficult>0</difficult>
		<bndbox>
			<xmin>26</xmin>
			<ymin>1</ymin>
			<xmax>32</xmax>
			<ymax>12</ymax>
		</bndbox>
	</object>
	<object>
		<name>crater</name>
		<pose>Unspecified</pose>
		<truncated>1</truncated>
		<difficult>0</difficult>
		<bndbox>
			<xmin>4</xmin>
			<ymin>16</ymin>
			<xmax>29</xmax>
			<ymax>32</ymax>
		</bndbox>
	</object>
</annotation>
