<annotation>
	<folder>Crater</folder>
	<filename>hs-45-45_lola20sp_cut6234.tif</filename>
	<path>C:/Users/Gabe/Downloads/6000-8999/Crater/hs-45-45_lola20sp_cut6234.tif</path>
	<source>
		<database>Unknown</database>
	</source>
	<size>
		<width>32</width>
		<height>32</height>
		<depth>1</depth>
	</size>
	<segmented>0</segmented>
	<object>
		<name>crater</name>
		<pose>Unspecified</pose>
		<truncated>0</truncated>
		<difficult>0</difficult>
		<bndbox>
			<xmin>6</xmin>
			<ymin>6</ymin>
			<xmax>15</xmax>
			<ymax>15</ymax>
		</bndbox>
	</object>
	<object>
		<name>crater</name>
		<pose>Unspecified</pose>
		<truncated>0</truncated>
		<difficult>0</difficult>
		<bndbox>
			<xmin>13</xmin>
			<ymin>17</ymin>
			<xmax>20</xmax>
			<ymax>24</ymax>
		</bndbox>
	</object>
	<object>
		<name>crater</name>
		<pose>Unspecified</pose>
		<truncated>0</truncated>
		<difficult>0</difficult>
		<bndbox>
			<xmin>20</xmin>
			<ymin>16</ymin>
			<xmax>27</xmax>
			<ymax>22</ymax>
		</bndbox>
	</object>
	<object>
		<name>crater</name>
		<pose>Unspecified</pose>
		<truncated>0</truncated>
		<difficult>0</difficult>
		<bndbox>
			<xmin>11</xmin>
			<ymin>24</ymin>
			<xmax>18</xmax>
			<ymax>31</ymax>
		</bndbox>
	</object>
	<object>
		<name>crater</name>
		<pose>Unspecified</pose>
		<truncated>1</truncated>
		<difficult>0</difficult>
		<bndbox>
			<xmin>17</xmin>
			<ymin>27</ymin>
			<xmax>26</xmax>
			<ymax>32</ymax>
		</bndbox>
	</object>
</annotation>
