<annotation>
	<folder>Crater</folder>
	<filename>hs-45-45_lola20sp_cut6008.tif</filename>
	<path>C:/Users/Gabe/Downloads/6000-8999/Crater/hs-45-45_lola20sp_cut6008.tif</path>
	<source>
		<database>Unknown</database>
	</source>
	<size>
		<width>32</width>
		<height>32</height>
		<depth>1</depth>
	</size>
	<segmented>0</segmented>
	<object>
		<name>crater</name>
		<pose>Unspecified</pose>
		<truncated>0</truncated>
		<difficult>0</difficult>
		<bndbox>
			<xmin>3</xmin>
			<ymin>11</ymin>
			<xmax>6</xmax>
			<ymax>14</ymax>
		</bndbox>
	</object>
	<object>
		<name>crater</name>
		<pose>Unspecified</pose>
		<truncated>0</truncated>
		<difficult>0</difficult>
		<bndbox>
			<xmin>7</xmin>
			<ymin>16</ymin>
			<xmax>10</xmax>
			<ymax>22</ymax>
		</bndbox>
	</object>
	<object>
		<name>crater</name>
		<pose>Unspecified</pose>
		<truncated>1</truncated>
		<difficult>0</difficult>
		<bndbox>
			<xmin>6</xmin>
			<ymin>25</ymin>
			<xmax>16</xmax>
			<ymax>32</ymax>
		</bndbox>
	</object>
	<object>
		<name>crater</name>
		<pose>Unspecified</pose>
		<truncated>1</truncated>
		<difficult>0</difficult>
		<bndbox>
			<xmin>20</xmin>
			<ymin>28</ymin>
			<xmax>24</xmax>
			<ymax>32</ymax>
		</bndbox>
	</object>
</annotation>
