<annotation>
	<folder>Crater</folder>
	<filename>hs-45-45_lola20sp_cut7656.tif</filename>
	<path>C:/Users/Gabe/Downloads/6000-8999/Crater/hs-45-45_lola20sp_cut7656.tif</path>
	<source>
		<database>Unknown</database>
	</source>
	<size>
		<width>32</width>
		<height>32</height>
		<depth>1</depth>
	</size>
	<segmented>0</segmented>
	<object>
		<name>crater</name>
		<pose>Unspecified</pose>
		<truncated>1</truncated>
		<difficult>0</difficult>
		<bndbox>
			<xmin>15</xmin>
			<ymin>1</ymin>
			<xmax>23</xmax>
			<ymax>11</ymax>
		</bndbox>
	</object>
	<object>
		<name>crater</name>
		<pose>Unspecified</pose>
		<truncated>0</truncated>
		<difficult>0</difficult>
		<bndbox>
			<xmin>17</xmin>
			<ymin>11</ymin>
			<xmax>24</xmax>
			<ymax>20</ymax>
		</bndbox>
	</object>
	<object>
		<name>crater</name>
		<pose>Unspecified</pose>
		<truncated>0</truncated>
		<difficult>0</difficult>
		<bndbox>
			<xmin>10</xmin>
			<ymin>19</ymin>
			<xmax>20</xmax>
			<ymax>26</ymax>
		</bndbox>
	</object>
	<object>
		<name>crater</name>
		<pose>Unspecified</pose>
		<truncated>0</truncated>
		<difficult>0</difficult>
		<bndbox>
			<xmin>4</xmin>
			<ymin>2</ymin>
			<xmax>16</xmax>
			<ymax>19</ymax>
		</bndbox>
	</object>
	<object>
		<name>crater</name>
		<pose>Unspecified</pose>
		<truncated>1</truncated>
		<difficult>0</difficult>
		<bndbox>
			<xmin>21</xmin>
			<ymin>1</ymin>
			<xmax>31</xmax>
			<ymax>8</ymax>
		</bndbox>
	</object>
</annotation>
